,angelegt_am,tatzeit_anfang_datum,tatzeit_anfang_stunde,tatzeit_ende_datum,tatzeit_ende_stunde,lor,schadenshoehe,versuch,art_des_fahrrads,delikt,erfassungsgrund
18363,01.04.2020,01.04.2020,12,01.04.2020,12,7200307,0,Ja,Kinderfahrrad,Fahrraddiebstahl,Sonstiger schwerer Diebstahl von Fahrrädern
18364,01.04.2020,01.04.2020,12,01.04.2020,12,7200307,0,Ja,Kinderfahrrad,Fahrraddiebstahl,Sonstiger schwerer Diebstahl von Fahrrädern
16798,02.10.2021,01.10.2021,19,02.10.2021,3,11100206,650,Nein,Fahrrad,Fahrraddiebstahl,Sonstiger schwerer Diebstahl von Fahrrädern
16799,02.10.2021,01.10.2021,19,02.10.2021,3,11100206,650,Nein,Fahrrad,Fahrraddiebstahl,Sonstiger schwerer Diebstahl von Fahrrädern
16807,04.10.2021,01.10.2021,12,02.10.2021,11,3601244,2000,Nein,Herrenfahrrad,Fahrraddiebstahl,Sonstiger schwerer Diebstahl von Fahrrädern
16894,04.10.2021,01.10.2021,12,02.10.2021,11,3601244,2000,Nein,Herrenfahrrad,Fahrraddiebstahl,Sonstiger schwerer Diebstahl von Fahrrädern
5592,02.07.2021,02.07.2021,16,02.07.2021,17,12200310,1,Nein,Mountainbike,Fahrraddiebstahl,Einfacher Diebstahl von Fahrrädern
5740,02.07.2021,02.07.2021,16,02.07.2021,17,12200310,1,Nein,Mountainbike,Fahrraddiebstahl,Einfacher Diebstahl von Fahrrädern
1242,03.08.2020,02.08.2020,14,02.08.2020,17,6100207,699,Nein,Herrenfahrrad,Fahrraddiebstahl,Sonstiger schwerer Diebstahl von Fahrrädern
1254,03.08.2020,02.08.2020,14,02.08.2020,17,6100207,699,Nein,Herrenfahrrad,Fahrraddiebstahl,Sonstiger schwerer Diebstahl von Fahrrädern
28112,03.08.2021,03.08.2021,2,03.08.2021,2,3100102,1,Nein,Mountainbike,Fahrraddiebstahl,Sonstiger schwerer Diebstahl von Fahrrädern
28114,03.08.2021,03.08.2021,2,03.08.2021,2,3100102,1,Nein,Mountainbike,Fahrraddiebstahl,Sonstiger schwerer Diebstahl von Fahrrädern
16261,03.12.2020,03.12.2020,2,03.12.2020,2,3601348,150,Nein,Fahrrad,Fahrraddiebstahl,Sonstiger schwerer Diebstahl von Fahrrädern
30996,03.12.2020,03.12.2020,2,03.12.2020,2,3601348,150,Nein,Fahrrad,Fahrraddiebstahl,Sonstiger schwerer Diebstahl von Fahrrädern
6549,05.07.2020,04.07.2020,19,05.07.2020,5,7100101,1,Nein,Fahrrad,Fahrraddiebstahl,Sonstiger schwerer Diebstahl von Fahrrädern
6848,05.07.2020,04.07.2020,19,05.07.2020,5,7100101,1,Nein,Fahrrad,Fahrraddiebstahl,Sonstiger schwerer Diebstahl von Fahrrädern
13855,06.05.2021,05.05.2021,20,06.05.2021,9,4500936,1500,Nein,Herrenfahrrad,Fahrraddiebstahl,Sonstiger schwerer Diebstahl von Fahrrädern
13871,06.05.2021,05.05.2021,20,06.05.2021,9,4500936,1500,Nein,Herrenfahrrad,Fahrraddiebstahl,Sonstiger schwerer Diebstahl von Fahrrädern
12481,06.12.2020,05.12.2020,12,06.12.2020,15,9401431,4690,Nein,Herrenfahrrad,Keller- und Bodeneinbruch,Sonstiger schwerer Diebstahl in/aus Keller/Boden von Fahrrädern
12497,06.12.2020,05.12.2020,12,06.12.2020,15,9401431,4690,Nein,Herrenfahrrad,Keller- und Bodeneinbruch,Sonstiger schwerer Diebstahl in/aus Keller/Boden von Fahrrädern
35210,07.05.2021,06.05.2021,22,07.05.2021,12,7100101,499,Nein,Herrenfahrrad,Fahrraddiebstahl,Sonstiger schwerer Diebstahl von Fahrrädern
35213,07.05.2021,06.05.2021,22,07.05.2021,12,7100101,499,Nein,Herrenfahrrad,Fahrraddiebstahl,Sonstiger schwerer Diebstahl von Fahrrädern
22998,09.07.2020,06.07.2020,19,06.07.2020,19,1200520,1,Nein,Mountainbike,Fahrraddiebstahl,Einfacher Diebstahl von Fahrrädern
22999,09.07.2020,06.07.2020,19,06.07.2020,19,1200520,1,Nein,Mountainbike,Fahrraddiebstahl,Einfacher Diebstahl von Fahrrädern
7452,06.10.2020,06.10.2020,17,06.10.2020,17,12200309,300,Nein,Mountainbike,Fahrraddiebstahl,Sonstiger schwerer Diebstahl von Fahrrädern
7453,06.10.2020,06.10.2020,17,06.10.2020,17,12200309,300,Nein,Mountainbike,Fahrraddiebstahl,Sonstiger schwerer Diebstahl von Fahrrädern
30593,16.11.2020,06.11.2020,23,07.11.2020,18,1100309,3000,Nein,Fahrrad,Fahrraddiebstahl,Sonstiger schwerer Diebstahl von Fahrrädern
30635,16.11.2020,06.11.2020,23,07.11.2020,18,1100309,3000,Nein,Fahrrad,Fahrraddiebstahl,Sonstiger schwerer Diebstahl von Fahrrädern
30599,09.09.2020,07.09.2020,20,08.09.2020,18,4501040,429,Nein,Kinderfahrrad,Fahrraddiebstahl,Sonstiger schwerer Diebstahl von Fahrrädern
30600,09.09.2020,07.09.2020,20,08.09.2020,18,4501040,429,Nein,Kinderfahrrad,Fahrraddiebstahl,Sonstiger schwerer Diebstahl von Fahrrädern
30016,07.10.2020,07.10.2020,3,07.10.2020,3,2200212,0,Ja,Herrenfahrrad,Fahrraddiebstahl,Sonstiger schwerer Diebstahl von Fahrrädern
30017,07.10.2020,07.10.2020,3,07.10.2020,3,2200212,0,Ja,Herrenfahrrad,Fahrraddiebstahl,Sonstiger schwerer Diebstahl von Fahrrädern
14483,09.01.2020,08.01.2020,16,09.01.2020,7,3601244,350,Nein,Damenfahrrad,Fahrraddiebstahl,Sonstiger schwerer Diebstahl von Fahrrädern
14484,09.01.2020,08.01.2020,16,09.01.2020,7,3601244,350,Nein,Damenfahrrad,Fahrraddiebstahl,Sonstiger schwerer Diebstahl von Fahrrädern
29544,11.06.2020,08.06.2020,22,11.06.2020,8,3601245,2584,Nein,Fahrrad,Fahrraddiebstahl,Sonstiger schwerer Diebstahl von Fahrrädern
30237,11.06.2020,08.06.2020,22,11.06.2020,8,3601245,2584,Nein,Fahrrad,Fahrraddiebstahl,Sonstiger schwerer Diebstahl von Fahrrädern
4798,09.10.2021,08.10.2021,22,09.10.2021,2,1200623,1000,Nein,Herrenfahrrad,Fahrraddiebstahl,Sonstiger schwerer Diebstahl von Fahrrädern
4800,09.10.2021,08.10.2021,22,09.10.2021,2,1200623,1000,Nein,Herrenfahrrad,Fahrraddiebstahl,Sonstiger schwerer Diebstahl von Fahrrädern
27305,11.05.2021,09.05.2021,22,10.05.2021,12,4300621,1100,Nein,Mountainbike,Fahrraddiebstahl,Sonstiger schwerer Diebstahl von Fahrrädern
27306,11.05.2021,09.05.2021,22,10.05.2021,12,4300621,1100,Nein,Mountainbike,Fahrraddiebstahl,Sonstiger schwerer Diebstahl von Fahrrädern
433,10.06.2020,09.06.2020,20,10.06.2020,6,4200309,602,Nein,Herrenfahrrad,Fahrraddiebstahl,Sonstiger schwerer Diebstahl von Fahrrädern
30394,10.06.2020,09.06.2020,20,10.06.2020,6,4200309,602,Nein,Herrenfahrrad,Fahrraddiebstahl,Sonstiger schwerer Diebstahl von Fahrrädern
3528,11.07.2020,09.07.2020,15,09.07.2020,18,12601134,749,Nein,Damenfahrrad,Fahrraddiebstahl,Sonstiger schwerer Diebstahl von Fahrrädern
3951,11.07.2020,09.07.2020,15,09.07.2020,18,12601134,749,Nein,Damenfahrrad,Fahrraddiebstahl,Sonstiger schwerer Diebstahl von Fahrrädern
8157,13.08.2020,09.08.2020,20,10.08.2020,22,7100204,100,Nein,Herrenfahrrad,Fahrraddiebstahl,Sonstiger schwerer Diebstahl von Fahrrädern
8548,13.08.2020,09.08.2020,20,10.08.2020,22,7100204,100,Nein,Herrenfahrrad,Fahrraddiebstahl,Sonstiger schwerer Diebstahl von Fahrrädern
8800,16.09.2021,09.09.2021,0,09.09.2021,1,3601141,100,Nein,Herrenfahrrad,Fahrraddiebstahl,Einfacher Diebstahl von Fahrrädern
8801,16.09.2021,09.09.2021,0,09.09.2021,1,3601141,100,Nein,Herrenfahrrad,Fahrraddiebstahl,Einfacher Diebstahl von Fahrrädern
8802,16.09.2021,09.09.2021,0,09.09.2021,1,3601141,100,Nein,Herrenfahrrad,Fahrraddiebstahl,Einfacher Diebstahl von Fahrrädern
8803,16.09.2021,09.09.2021,0,09.09.2021,1,3601141,100,Nein,Herrenfahrrad,Fahrraddiebstahl,Einfacher Diebstahl von Fahrrädern
18672,13.03.2020,10.03.2020,17,11.03.2020,8,1200522,630,Nein,Herrenfahrrad,Fahrraddiebstahl,Sonstiger schwerer Diebstahl von Fahrrädern
18674,13.03.2020,10.03.2020,17,11.03.2020,8,1200522,630,Nein,Herrenfahrrad,Fahrraddiebstahl,Sonstiger schwerer Diebstahl von Fahrrädern
24299,15.04.2020,10.04.2020,18,13.04.2020,13,7300515,385,Nein,Fahrrad,Fahrraddiebstahl,Sonstiger schwerer Diebstahl von Fahrrädern
24300,15.04.2020,10.04.2020,18,13.04.2020,13,7300515,385,Nein,Fahrrad,Fahrraddiebstahl,Sonstiger schwerer Diebstahl von Fahrrädern
18868,10.05.2020,10.05.2020,16,10.05.2020,16,4501153,200,Nein,Kinderfahrrad,Fahrraddiebstahl,Einfacher Diebstahl von Fahrrädern
18869,10.05.2020,10.05.2020,16,10.05.2020,16,4501153,200,Nein,Kinderfahrrad,Fahrraddiebstahl,Einfacher Diebstahl von Fahrrädern
19009,10.05.2020,10.05.2020,16,10.05.2020,16,4501153,200,Nein,Kinderfahrrad,Fahrraddiebstahl,Einfacher Diebstahl von Fahrrädern
22789,11.05.2021,11.05.2021,20,11.05.2021,20,2200208,1,Nein,Fahrrad,Fahrraddiebstahl,Sonstiger schwerer Diebstahl von Fahrrädern
22790,11.05.2021,11.05.2021,20,11.05.2021,20,2200208,1,Nein,Fahrrad,Fahrraddiebstahl,Sonstiger schwerer Diebstahl von Fahrrädern
30211,11.06.2020,11.06.2020,11,11.06.2020,11,12200309,500,Nein,Damenfahrrad,Fahrraddiebstahl,Sonstiger schwerer Diebstahl von Fahrrädern
30225,11.06.2020,11.06.2020,11,11.06.2020,11,12200309,500,Nein,Damenfahrrad,Fahrraddiebstahl,Sonstiger schwerer Diebstahl von Fahrrädern
9956,12.08.2020,11.08.2020,21,12.08.2020,8,4501045,500,Nein,Herrenfahrrad,Fahrraddiebstahl,Sonstiger schwerer Diebstahl von Fahrrädern
10314,12.08.2020,11.08.2020,21,12.08.2020,8,4501045,500,Nein,Herrenfahrrad,Fahrraddiebstahl,Sonstiger schwerer Diebstahl von Fahrrädern
36362,12.10.2021,11.10.2021,22,12.10.2021,11,2500728,1249,Unbekannt,Fahrrad,Fahrraddiebstahl,Sonstiger schwerer Diebstahl von Fahrrädern
36426,12.10.2021,11.10.2021,22,12.10.2021,11,2500728,1249,Unbekannt,Fahrrad,Fahrraddiebstahl,Sonstiger schwerer Diebstahl von Fahrrädern
31452,11.11.2021,11.11.2021,18,11.11.2021,20,12500930,50,Nein,Kinderfahrrad,Fahrraddiebstahl,Sonstiger schwerer Diebstahl von Fahrrädern
31453,11.11.2021,11.11.2021,18,11.11.2021,20,12500930,50,Nein,Kinderfahrrad,Fahrraddiebstahl,Sonstiger schwerer Diebstahl von Fahrrädern
15452,12.01.2020,12.01.2020,0,12.01.2020,0,10400836,250,Nein,Damenfahrrad,Fahrraddiebstahl,Sonstiger schwerer Diebstahl von Fahrrädern
15454,12.01.2020,12.01.2020,0,12.01.2020,0,10400836,250,Nein,Damenfahrrad,Fahrraddiebstahl,Sonstiger schwerer Diebstahl von Fahrrädern
15456,12.01.2020,12.01.2020,0,12.01.2020,0,10400836,250,Nein,Damenfahrrad,Fahrraddiebstahl,Sonstiger schwerer Diebstahl von Fahrrädern
13114,13.02.2021,12.02.2021,16,12.02.2021,16,3300412,239,Nein,Fahrrad,Fahrraddiebstahl,Sonstiger schwerer Diebstahl von Fahrrädern
13115,13.02.2021,12.02.2021,16,12.02.2021,16,3300412,239,Nein,Fahrrad,Fahrraddiebstahl,Sonstiger schwerer Diebstahl von Fahrrädern
36717,13.10.2021,12.10.2021,22,13.10.2021,8,3400723,100,Nein,Herrenfahrrad,Keller- und Bodeneinbruch,Sonstiger schwerer Diebstahl in/aus Keller/Boden von Fahrrädern
36883,13.10.2021,12.10.2021,22,13.10.2021,8,3400723,100,Nein,Herrenfahrrad,Keller- und Bodeneinbruch,Sonstiger schwerer Diebstahl in/aus Keller/Boden von Fahrrädern
16340,13.01.2020,13.01.2020,2,13.01.2020,2,5200629,50,Nein,Fahrrad,Fahrraddiebstahl,Sonstiger schwerer Diebstahl von Fahrrädern
16341,13.01.2020,13.01.2020,2,13.01.2020,2,5200629,50,Nein,Fahrrad,Fahrraddiebstahl,Sonstiger schwerer Diebstahl von Fahrrädern
9477,14.08.2020,13.08.2020,20,14.08.2020,7,8100103,150,Nein,Kinderfahrrad,Fahrraddiebstahl,Sonstiger schwerer Diebstahl von Fahrrädern
10053,14.08.2020,13.08.2020,20,14.08.2020,7,8100103,150,Nein,Kinderfahrrad,Fahrraddiebstahl,Sonstiger schwerer Diebstahl von Fahrrädern
10646,14.08.2020,13.08.2020,23,13.08.2020,23,3601245,500,Nein,Fahrrad,Fahrraddiebstahl,Sonstiger schwerer Diebstahl von Fahrrädern
10657,14.08.2020,13.08.2020,23,13.08.2020,23,3601245,500,Nein,Fahrrad,Fahrraddiebstahl,Sonstiger schwerer Diebstahl von Fahrrädern
2361,14.09.2021,13.09.2021,16,14.09.2021,6,4300624,499,Nein,Herrenfahrrad,Fahrraddiebstahl,Sonstiger schwerer Diebstahl von Fahrrädern
2407,14.09.2021,13.09.2021,16,14.09.2021,6,4300624,499,Nein,Herrenfahrrad,Fahrraddiebstahl,Sonstiger schwerer Diebstahl von Fahrrädern
7458,13.10.2020,13.10.2020,13,13.10.2020,13,7100102,1,Nein,Herrenfahrrad,Fahrraddiebstahl,Sonstiger schwerer Diebstahl von Fahrrädern
7462,13.10.2020,13.10.2020,13,13.10.2020,13,7100102,1,Nein,Herrenfahrrad,Fahrraddiebstahl,Sonstiger schwerer Diebstahl von Fahrrädern
35972,14.12.2020,13.12.2020,15,14.12.2020,15,3500934,1000,Nein,Fahrrad,Fahrraddiebstahl,Sonstiger schwerer Diebstahl von Fahrrädern
36247,14.12.2020,13.12.2020,15,14.12.2020,15,3500934,1000,Nein,Fahrrad,Fahrraddiebstahl,Sonstiger schwerer Diebstahl von Fahrrädern
32620,15.03.2021,14.03.2021,17,15.03.2021,16,11400929,600,Nein,Fahrrad,Fahrraddiebstahl,Sonstiger schwerer Diebstahl von Fahrrädern
32744,15.03.2021,14.03.2021,17,15.03.2021,16,11400929,600,Nein,Fahrrad,Fahrraddiebstahl,Sonstiger schwerer Diebstahl von Fahrrädern
26923,15.05.2020,14.05.2020,20,15.05.2020,8,5100103,350,Nein,Damenfahrrad,Fahrraddiebstahl,Sonstiger schwerer Diebstahl von Fahrrädern
26929,15.05.2020,14.05.2020,20,15.05.2020,8,5100103,350,Nein,Damenfahrrad,Fahrraddiebstahl,Sonstiger schwerer Diebstahl von Fahrrädern
2995,14.05.2021,14.05.2021,8,14.05.2021,11,3701554,350,Nein,Herrenfahrrad,Fahrraddiebstahl,Sonstiger schwerer Diebstahl von Fahrrädern
2996,14.05.2021,14.05.2021,8,14.05.2021,11,3701554,350,Nein,Herrenfahrrad,Fahrraddiebstahl,Sonstiger schwerer Diebstahl von Fahrrädern
38941,16.07.2021,15.07.2021,22,16.07.2021,17,2200212,600,Nein,Fahrrad,Fahrraddiebstahl,Sonstiger schwerer Diebstahl von Fahrrädern
39047,16.07.2021,15.07.2021,22,16.07.2021,17,2200212,600,Nein,Fahrrad,Fahrraddiebstahl,Sonstiger schwerer Diebstahl von Fahrrädern
20687,15.08.2021,15.08.2021,6,15.08.2021,6,8100415,220,Nein,Herrenfahrrad,Fahrraddiebstahl,Sonstiger schwerer Diebstahl von Fahrrädern
21420,15.08.2021,15.08.2021,6,15.08.2021,6,8100415,220,Nein,Herrenfahrrad,Fahrraddiebstahl,Sonstiger schwerer Diebstahl von Fahrrädern
909,17.08.2021,16.08.2021,18,17.08.2021,7,1200519,1000,Nein,Damenfahrrad,Fahrraddiebstahl,Sonstiger schwerer Diebstahl von Fahrrädern
967,17.08.2021,16.08.2021,18,17.08.2021,7,1200519,1000,Nein,Damenfahrrad,Fahrraddiebstahl,Sonstiger schwerer Diebstahl von Fahrrädern
720,17.06.2020,17.06.2020,7,17.06.2020,8,2100106,100,Nein,Damenfahrrad,Fahrraddiebstahl,Sonstiger schwerer Diebstahl von Fahrrädern
722,17.06.2020,17.06.2020,7,17.06.2020,8,2100106,100,Nein,Damenfahrrad,Fahrraddiebstahl,Sonstiger schwerer Diebstahl von Fahrrädern
3220,18.09.2021,17.09.2021,20,18.09.2021,12,3601452,1200,Nein,Damenfahrrad,Fahrraddiebstahl,Sonstiger schwerer Diebstahl von Fahrrädern
3221,18.09.2021,17.09.2021,20,18.09.2021,12,3601452,1200,Nein,Damenfahrrad,Fahrraddiebstahl,Sonstiger schwerer Diebstahl von Fahrrädern
32535,18.11.2021,17.11.2021,16,18.11.2021,15,6400735,200,Nein,Herrenfahrrad,Fahrraddiebstahl,Sonstiger schwerer Diebstahl von Fahrrädern
32896,18.11.2021,17.11.2021,16,18.11.2021,15,6400735,200,Nein,Herrenfahrrad,Fahrraddiebstahl,Sonstiger schwerer Diebstahl von Fahrrädern
8175,20.07.2020,18.07.2020,21,19.07.2020,6,4100101,150,Nein,Damenfahrrad,Fahrraddiebstahl,Sonstiger schwerer Diebstahl von Fahrrädern
8176,20.07.2020,18.07.2020,21,19.07.2020,6,4100101,150,Nein,Damenfahrrad,Fahrraddiebstahl,Sonstiger schwerer Diebstahl von Fahrrädern
16406,19.09.2020,18.09.2020,21,19.09.2020,9,10400938,260,Nein,Damenfahrrad,Fahrraddiebstahl,Sonstiger schwerer Diebstahl von Fahrrädern
17154,19.09.2020,18.09.2020,21,19.09.2020,9,10400938,260,Nein,Damenfahrrad,Fahrraddiebstahl,Sonstiger schwerer Diebstahl von Fahrrädern
5646,20.07.2020,19.07.2020,23,20.07.2020,8,2200210,2669,Nein,Damenfahrrad,Fahrraddiebstahl,Sonstiger schwerer Diebstahl von Fahrrädern
5649,20.07.2020,19.07.2020,23,20.07.2020,8,2200210,2669,Nein,Damenfahrrad,Fahrraddiebstahl,Sonstiger schwerer Diebstahl von Fahrrädern
6179,20.07.2021,19.07.2021,22,20.07.2021,9,8100314,407,Nein,Herrenfahrrad,Fahrraddiebstahl,Sonstiger schwerer Diebstahl von Fahrrädern
6264,20.07.2021,19.07.2021,22,20.07.2021,9,8100314,407,Nein,Herrenfahrrad,Fahrraddiebstahl,Sonstiger schwerer Diebstahl von Fahrrädern
2843,21.09.2021,20.09.2021,11,21.09.2021,9,1200623,200,Nein,Fahrrad,Fahrraddiebstahl,Sonstiger schwerer Diebstahl von Fahrrädern
2885,21.09.2021,20.09.2021,11,21.09.2021,9,1200623,200,Nein,Fahrrad,Fahrraddiebstahl,Sonstiger schwerer Diebstahl von Fahrrädern
29208,22.10.2020,20.10.2020,16,20.10.2020,21,1200517,120,Nein,Fahrrad,Fahrraddiebstahl,Sonstiger schwerer Diebstahl von Fahrrädern
29209,22.10.2020,20.10.2020,16,20.10.2020,21,1200517,120,Nein,Fahrrad,Fahrraddiebstahl,Sonstiger schwerer Diebstahl von Fahrrädern
17466,21.10.2021,20.10.2021,13,21.10.2021,16,8100311,1200,Nein,Fahrrad,Fahrraddiebstahl,Sonstiger schwerer Diebstahl von Fahrrädern
17476,21.10.2021,20.10.2021,13,21.10.2021,16,8100311,1200,Nein,Fahrrad,Fahrraddiebstahl,Sonstiger schwerer Diebstahl von Fahrrädern
38505,21.02.2021,21.02.2021,0,21.02.2021,6,4300624,395,Nein,Damenfahrrad,Fahrraddiebstahl,Sonstiger schwerer Diebstahl von Fahrrädern
38507,21.02.2021,21.02.2021,0,21.02.2021,6,4300624,395,Nein,Damenfahrrad,Fahrraddiebstahl,Sonstiger schwerer Diebstahl von Fahrrädern
28928,22.11.2020,21.11.2020,12,22.11.2020,13,2500836,2900,Nein,Damenfahrrad,Fahrraddiebstahl,Sonstiger schwerer Diebstahl von Fahrrädern
28929,22.11.2020,21.11.2020,12,22.11.2020,13,2500836,2900,Nein,Damenfahrrad,Fahrraddiebstahl,Sonstiger schwerer Diebstahl von Fahrrädern
15104,28.02.2020,22.02.2020,2,22.02.2020,2,11100101,500,Nein,Mountainbike,Fahrraddiebstahl,Sonstiger schwerer Diebstahl von Fahrrädern
16247,28.02.2020,22.02.2020,2,22.02.2020,2,11100101,500,Nein,Fahrrad,Fahrraddiebstahl,Sonstiger schwerer Diebstahl von Fahrrädern
16248,28.02.2020,22.02.2020,2,22.02.2020,2,11100101,500,Nein,Mountainbike,Fahrraddiebstahl,Sonstiger schwerer Diebstahl von Fahrrädern
16249,28.02.2020,22.02.2020,2,22.02.2020,2,11100101,500,Nein,Fahrrad,Fahrraddiebstahl,Sonstiger schwerer Diebstahl von Fahrrädern
16252,28.02.2020,22.02.2020,2,22.02.2020,2,11100101,500,Nein,Fahrrad,Fahrraddiebstahl,Sonstiger schwerer Diebstahl von Fahrrädern
16253,28.02.2020,22.02.2020,2,22.02.2020,2,11100101,500,Nein,Herrenfahrrad,Fahrraddiebstahl,Sonstiger schwerer Diebstahl von Fahrrädern
16254,28.02.2020,22.02.2020,2,22.02.2020,2,11100101,500,Nein,Herrenfahrrad,Fahrraddiebstahl,Sonstiger schwerer Diebstahl von Fahrrädern
16256,28.02.2020,22.02.2020,2,22.02.2020,2,11100101,500,Nein,Fahrrad,Fahrraddiebstahl,Sonstiger schwerer Diebstahl von Fahrrädern
17737,28.02.2020,22.02.2020,2,22.02.2020,2,11100101,500,Nein,Fahrrad,Fahrraddiebstahl,Sonstiger schwerer Diebstahl von Fahrrädern
17738,28.02.2020,22.02.2020,2,22.02.2020,2,11100101,500,Nein,Fahrrad,Fahrraddiebstahl,Sonstiger schwerer Diebstahl von Fahrrädern
17739,28.02.2020,22.02.2020,2,22.02.2020,2,11100101,500,Nein,Mountainbike,Fahrraddiebstahl,Sonstiger schwerer Diebstahl von Fahrrädern
17740,28.02.2020,22.02.2020,2,22.02.2020,2,11100101,500,Nein,Mountainbike,Fahrraddiebstahl,Sonstiger schwerer Diebstahl von Fahrrädern
4251,22.08.2020,22.08.2020,3,22.08.2020,3,12500927,1000,Nein,Mountainbike,Fahrraddiebstahl,Sonstiger schwerer Diebstahl von Fahrrädern
4254,22.08.2020,22.08.2020,3,22.08.2020,3,12500927,1000,Nein,Mountainbike,Fahrraddiebstahl,Sonstiger schwerer Diebstahl von Fahrrädern
4324,22.08.2020,22.08.2020,11,22.08.2020,15,9200512,1700,Nein,Damenfahrrad,Fahrraddiebstahl,Sonstiger schwerer Diebstahl von Fahrrädern
4682,22.08.2020,22.08.2020,11,22.08.2020,15,9200512,1700,Nein,Damenfahrrad,Fahrraddiebstahl,Sonstiger schwerer Diebstahl von Fahrrädern
4664,22.09.2021,22.09.2021,15,22.09.2021,16,2400521,0,Nein,Damenfahrrad,Fahrraddiebstahl,Sonstiger schwerer Diebstahl von Fahrrädern
5369,22.09.2021,22.09.2021,15,22.09.2021,16,2400521,0,Nein,Damenfahrrad,Fahrraddiebstahl,Sonstiger schwerer Diebstahl von Fahrrädern
5359,22.09.2021,22.09.2021,10,22.09.2021,16,10200420,300,Nein,Mountainbike,Fahrraddiebstahl,Sonstiger schwerer Diebstahl von Fahrrädern
5360,22.09.2021,22.09.2021,10,22.09.2021,16,10200420,300,Nein,Mountainbike,Fahrraddiebstahl,Sonstiger schwerer Diebstahl von Fahrrädern
22522,27.04.2020,24.04.2020,21,27.04.2020,10,2200210,180,Nein,Damenfahrrad,Fahrraddiebstahl,Sonstiger schwerer Diebstahl von Fahrrädern
22533,27.04.2020,24.04.2020,21,27.04.2020,10,2200210,180,Nein,Damenfahrrad,Fahrraddiebstahl,Sonstiger schwerer Diebstahl von Fahrrädern
2564,27.06.2020,24.06.2020,10,24.06.2020,14,6400735,700,Nein,Fahrrad,Fahrraddiebstahl,Sonstiger schwerer Diebstahl von Fahrrädern
2605,27.06.2020,24.06.2020,10,24.06.2020,14,6400735,700,Nein,Fahrrad,Fahrraddiebstahl,Sonstiger schwerer Diebstahl von Fahrrädern
19023,25.03.2020,25.03.2020,14,25.03.2020,14,4300623,349,Nein,Fahrrad,Fahrraddiebstahl,Sonstiger schwerer Diebstahl von Fahrrädern
19025,25.03.2020,25.03.2020,14,25.03.2020,14,4300623,349,Nein,Fahrrad,Fahrraddiebstahl,Sonstiger schwerer Diebstahl von Fahrrädern
10152,27.09.2020,25.09.2020,14,27.09.2020,15,12601133,600,Nein,Herrenfahrrad,Fahrraddiebstahl,Sonstiger schwerer Diebstahl von Fahrrädern
10164,27.09.2020,25.09.2020,14,27.09.2020,15,12601133,600,Nein,Herrenfahrrad,Fahrraddiebstahl,Sonstiger schwerer Diebstahl von Fahrrädern
27802,27.06.2020,26.06.2020,19,26.06.2020,21,6400737,3400,Nein,Herrenfahrrad,Fahrraddiebstahl,Sonstiger schwerer Diebstahl von Fahrrädern
27996,27.06.2020,26.06.2020,19,26.06.2020,21,6400737,3400,Nein,Herrenfahrrad,Fahrraddiebstahl,Sonstiger schwerer Diebstahl von Fahrrädern
10721,27.08.2020,26.08.2020,15,27.08.2020,7,7501134,575,Nein,Damenfahrrad,Fahrraddiebstahl,Sonstiger schwerer Diebstahl von Fahrrädern
10722,27.08.2020,26.08.2020,15,27.08.2020,7,7501134,575,Nein,Damenfahrrad,Fahrraddiebstahl,Sonstiger schwerer Diebstahl von Fahrrädern
8526,27.11.2021,26.11.2021,19,27.11.2021,13,4300415,1049,Nein,Herrenfahrrad,Fahrraddiebstahl,Sonstiger schwerer Diebstahl von Fahrrädern
8528,27.11.2021,26.11.2021,19,27.11.2021,13,4300415,1049,Nein,Herrenfahrrad,Fahrraddiebstahl,Sonstiger schwerer Diebstahl von Fahrrädern
2390,28.07.2020,27.07.2020,23,28.07.2020,9,4100101,250,Nein,Herrenfahrrad,Fahrraddiebstahl,Sonstiger schwerer Diebstahl von Fahrrädern
2391,28.07.2020,27.07.2020,23,28.07.2020,9,4100101,250,Nein,Herrenfahrrad,Fahrraddiebstahl,Sonstiger schwerer Diebstahl von Fahrrädern
10987,03.09.2020,27.08.2020,18,28.08.2020,7,9100202,349,Nein,Fahrrad,Fahrraddiebstahl,Sonstiger schwerer Diebstahl von Fahrrädern
10988,03.09.2020,27.08.2020,18,28.08.2020,7,9100202,349,Nein,Fahrrad,Fahrraddiebstahl,Sonstiger schwerer Diebstahl von Fahrrädern
16250,28.02.2020,28.02.2020,11,28.02.2020,11,4200207,1,Nein,Mountainbike,Fahrraddiebstahl,Sonstiger schwerer Diebstahl von Fahrrädern
17735,28.02.2020,28.02.2020,11,28.02.2020,11,4200207,1,Nein,Mountainbike,Fahrraddiebstahl,Sonstiger schwerer Diebstahl von Fahrrädern
17736,28.02.2020,28.02.2020,11,28.02.2020,11,4200207,1,Nein,Mountainbike,Fahrraddiebstahl,Sonstiger schwerer Diebstahl von Fahrrädern
22333,29.03.2021,28.03.2021,22,28.03.2021,22,11501340,1,Nein,Herrenfahrrad,Fahrraddiebstahl,Sonstiger schwerer Diebstahl von Fahrrädern
22334,29.03.2021,28.03.2021,22,28.03.2021,22,11501340,1,Nein,Herrenfahrrad,Fahrraddiebstahl,Sonstiger schwerer Diebstahl von Fahrrädern
23433,29.04.2020,28.04.2020,18,29.04.2020,7,9501737,1200,Nein,Herrenfahrrad,Fahrraddiebstahl,Sonstiger schwerer Diebstahl von Fahrrädern
23442,29.04.2020,28.04.2020,18,29.04.2020,7,9501737,1200,Nein,Herrenfahrrad,Fahrraddiebstahl,Sonstiger schwerer Diebstahl von Fahrrädern
3620,30.05.2020,29.05.2020,4,29.05.2020,5,5100312,1,Nein,Mountainbike,Keller- und Bodeneinbruch,Sonstiger schwerer Diebstahl in/aus Keller/Boden von Fahrrädern
3621,30.05.2020,29.05.2020,4,29.05.2020,5,5100312,1,Nein,Mountainbike,Keller- und Bodeneinbruch,Sonstiger schwerer Diebstahl in/aus Keller/Boden von Fahrrädern
11464,30.07.2020,29.07.2020,19,30.07.2020,9,4300624,640,Nein,Damenfahrrad,Fahrraddiebstahl,Sonstiger schwerer Diebstahl von Fahrrädern
11467,30.07.2020,29.07.2020,19,30.07.2020,9,4300624,640,Nein,Damenfahrrad,Fahrraddiebstahl,Sonstiger schwerer Diebstahl von Fahrrädern
29635,03.09.2020,29.08.2020,18,01.09.2020,9,7200307,1371,Nein,Herrenfahrrad,Fahrraddiebstahl,Sonstiger schwerer Diebstahl von Fahrrädern
29636,03.09.2020,29.08.2020,18,01.09.2020,9,7200307,1371,Nein,Herrenfahrrad,Fahrraddiebstahl,Sonstiger schwerer Diebstahl von Fahrrädern
37954,01.05.2020,30.04.2020,16,01.05.2020,12,7601443,333,Nein,Kinderfahrrad,Fahrraddiebstahl,Sonstiger schwerer Diebstahl von Fahrrädern
37962,01.05.2020,30.04.2020,16,01.05.2020,12,7601443,333,Nein,Kinderfahrrad,Fahrraddiebstahl,Sonstiger schwerer Diebstahl von Fahrrädern
29789,01.09.2020,31.08.2020,18,01.09.2020,0,1400940,220,Nein,Mountainbike,Fahrraddiebstahl,Sonstiger schwerer Diebstahl von Fahrrädern
29866,01.09.2020,31.08.2020,18,01.09.2020,0,1400940,220,Nein,Mountainbike,Fahrraddiebstahl,Sonstiger schwerer Diebstahl von Fahrrädern
16188,01.09.2021,31.08.2021,16,31.08.2021,17,2400623,3900,Nein,Damenfahrrad,Fahrraddiebstahl,Sonstiger schwerer Diebstahl von Fahrrädern
16189,01.09.2021,31.08.2021,16,31.08.2021,17,2400623,3900,Nein,Damenfahrrad,Fahrraddiebstahl,Sonstiger schwerer Diebstahl von Fahrrädern
12041,02.11.2020,31.10.2020,18,02.11.2020,8,10100312,299,Nein,Damenfahrrad,Fahrraddiebstahl,Sonstiger schwerer Diebstahl von Fahrrädern
12045,02.11.2020,31.10.2020,18,02.11.2020,8,10100312,299,Nein,Damenfahrrad,Fahrraddiebstahl,Sonstiger schwerer Diebstahl von Fahrrädern
